,nome,idade,sexo,peso,altura,IMC
0,Scooby,10,M,40.0,1.5,17.77777777777778
1,Salsicha,18,M,55.0,1.75,17.959183673469386
2,Fred,20,M,70.0,1.8,21.604938271604937
3,Velma,21,F,,1.6,
4,Daphne,19,F,50.0,1.65,18.36547291092746
